start, goal, path_length, nodes_visited, time
56 38 126, 12 5 79, 164, 210361, 9.93779
56 38 126, 12 5 79, 164, 208674, 17.9957
56 38 126, 12 5 79, 174, 206176, 8.54541
