start, goal, path_length, nodes_visited, time
119 38 78, 12 5 79, 121, 214314, 6.66145
119 38 78, 12 5 79, 119, 205279, 9.01079
119 38 78, 12 5 79, 119, 202981, 12.8903
