start, goal, path_length, nodes_visited, time
121 5 27, 12 5 79, 121, 151695, 3.92777
121 5 27, 12 5 79, 110, 151136, 5.24061
