start, goal, path_length, nodes_visited, time
43 38 106, 12 5 79, 173, 213077, 7.84281
43 38 106, 12 5 79, 167, 209077, 15.9665
43 38 106, 12 5 79, 184, 206788, 8.72953
