start, goal, path_length, nodes_visited, time, num_evax
111 38 127, 149 5 210, 219, 34324, 8.66872, 30
111 38 127, 149 5 210, 220, 34345, 8.78565, 30
111 38 127, 149 5 210, 220, 34345, 8.86093, 30
111 38 127, 149 5 210, 220, 34335, 11.8371, 30
