start, goal, path_length, nodes_visited, time, num_evax
124 38 103, 149 5 210, 249, 38744, 3.118, 15
124 38 103, 149 5 210, 250, 38768, 1.28002, 15
124 38 103, 149 5 210, 249, 38746, 2.41577, 15
124 38 103, 149 5 210, 250, 38742, 2.55635, 15
124 38 103, 149 5 210, 250, 38742, 2.22704, 15
124 38 103, 149 5 210, 250, 38775, 3.0541, 15
124 38 103, 149 5 210, 250, 38739, 2.88847, 15
124 38 103, 149 5 210, 250, 38744, 1.74831, 15
124 38 103, 149 5 210, 250, 38744, 2.81218, 15
