start, goal, path_length, nodes_visited, time, num_evax
111 5 127, 149 5 210, 159, 12786, 3.51341, 30
111 5 127, 149 5 210, 159, 12790, 2.30122, 30
111 5 127, 149 5 210, 159, 12790, 3.05894, 30
111 5 127, 149 5 210, 159, 12786, 2.44315, 30
111 5 127, 149 5 210, 159, 12793, 4.24015, 30
111 5 127, 149 5 210, 159, 12788, 5.11601, 30
111 5 127, 149 5 210, 159, 12786, 3.18764, 30
111 5 127, 149 5 210, 159, 12786, 3.54982, 30
111 5 127, 149 5 210, 159, 12786, 4.59271, 30
