start, goal, path_length, nodes_visited, time, num_evax
124 5 103, 149 5 210, 188, 19078, 4.32315, 30
124 5 103, 149 5 210, 188, 19078, 2.8091, 30
124 5 103, 149 5 210, 188, 19078, 3.08512, 30
124 5 103, 149 5 210, 188, 19078, 3.76856, 30
124 5 103, 149 5 210, 188, 19083, 6.95183, 30
124 5 103, 149 5 210, 188, 19078, 5.84193, 30
124 5 103, 149 5 210, 188, 19083, 4.7572, 30
