start, goal, path_length, nodes_visited, time, num_evax
111 5 127, 149 5 210, 159, 12786, 3.43591, 30
111 5 127, 149 5 210, 159, 12788, 2.26911, 30
111 5 127, 149 5 210, 159, 12792, 3.04408, 30
111 5 127, 149 5 210, 159, 12786, 2.55806, 30
111 5 127, 149 5 210, 159, 12786, 2.71082, 30
111 5 127, 149 5 210, 159, 12791, 5.17126, 30
111 5 127, 149 5 210, 159, 12786, 4.96138, 30
111 5 127, 149 5 210, 159, 12786, 3.26858, 30
111 5 127, 149 5 210, 159, 12787, 2.96639, 30
