start, goal, path_length, nodes_visited, time, num_evax
115 38 160, 149 5 210, 199, 26126, 5.78594, 30
115 38 160, 149 5 210, 199, 26034, 4.85052, 30
115 38 160, 149 5 210, 199, 26098, 5.87566, 30
115 38 160, 149 5 210, 199, 26217, 7.28679, 30
115 38 160, 149 5 210, 199, 26035, 6.74922, 30
115 38 160, 149 5 210, 199, 26103, 6.94224, 30
