start, goal, path_length, nodes_visited, time, num_evax
119 38 78, 12 5 79, 414, 61033, 9.57363, 20
119 38 78, 12 5 79, 408, 61334, 9.47289, 20
119 38 78, 12 5 79, 391, 60803, 8.98351, 20
119 38 78, 12 5 79, 408, 61381, 9.5192, 20
