start, goal, path_length, nodes_visited, time, num_evax
43 38 106, 12 5 79, 357, 61108, 3.00335, 10
43 38 106, 12 5 79, 360, 59494, 1.68114, 10
43 38 106, 12 5 79, 360, 59512, 1.94057, 10
43 38 106, 12 5 79, 358, 59540, 2.1459, 10
43 38 106, 12 5 79, 360, 59494, 1.31467, 10
43 38 106, 12 5 79, 360, 60349, 2.20036, 10
43 38 106, 12 5 79, 360, 59494, 1.34937, 10
43 38 106, 12 5 79, 360, 59494, 2.0969, 10
43 38 106, 12 5 79, 360, 59494, 1.33672, 10
43 38 106, 12 5 79, 361, 59496, 2.4165, 10
