start, goal, path_length, nodes_visited, time, num_evax
124 5 103, 149 5 210, 188, 19078, 4.50355, 30
124 5 103, 149 5 210, 188, 19095, 3.18576, 30
124 5 103, 149 5 210, 188, 19078, 3.36499, 30
124 5 103, 149 5 210, 188, 19078, 6.22432, 30
124 5 103, 149 5 210, 188, 19080, 5.98211, 30
124 5 103, 149 5 210, 188, 19078, 4.73028, 30
124 5 103, 149 5 210, 188, 19078, 7.68728, 30
