start, goal, path_length, nodes_visited, time, num_evax
111 38 127, 149 5 210, 220, 34327, 9.55679, 30
111 38 127, 149 5 210, 220, 34343, 8.5235, 30
111 38 127, 149 5 210, 220, 34344, 10.2397, 30
111 38 127, 149 5 210, 218, 34292, 8.87939, 30
