start, goal, path_length, nodes_visited, time, num_evax
45 38 194, 149 5 210, 162, 18262, 6.78103, 30
45 38 194, 149 5 210, 163, 18242, 2.81108, 30
45 38 194, 149 5 210, 162, 18340, 4.33255, 30
45 38 194, 149 5 210, 162, 18219, 4.35046, 30
45 38 194, 149 5 210, 162, 18200, 6.90917, 30
45 38 194, 149 5 210, 162, 18216, 7.0561, 30
