start, goal, path_length, nodes_visited, time, num_evax
47 38 234, 149 5 210, 140, 13115, 3.12071, 30
47 38 234, 149 5 210, 139, 13084, 3.23939, 30
47 38 234, 149 5 210, 140, 13077, 3.28598, 30
47 38 234, 149 5 210, 139, 13137, 3.8459, 30
47 38 234, 149 5 210, 140, 13133, 4.24739, 30
47 38 234, 149 5 210, 140, 13091, 3.25406, 30
47 38 234, 149 5 210, 140, 13137, 4.43994, 30
47 38 234, 149 5 210, 140, 13097, 4.36268, 30
