start, goal, path_length, nodes_visited, time, num_evax
50 70 158, 12 5 79, 354, 113655, 7.45417, 10
50 70 158, 12 5 79, 351, 111550, 2.88165, 10
50 70 158, 12 5 79, 355, 112176, 2.42013, 10
50 70 158, 12 5 79, 355, 113323, 2.9376, 10
50 70 158, 12 5 79, 355, 112781, 3.31599, 10
50 70 158, 12 5 79, 353, 113249, 3.07116, 10
50 70 158, 12 5 79, 353, 113071, 3.97872, 10
50 70 158, 12 5 79, 352, 112051, 4.50919, 10
