start, goal, path_length, nodes_visited, time, num_evax
115 70 160, 149 5 210, 242, 39080, 3.08243, 15
115 70 160, 149 5 210, 244, 40080, 1.21752, 15
115 70 160, 149 5 210, 244, 40106, 2.52353, 15
115 70 160, 149 5 210, 244, 40055, 2.13034, 15
115 70 160, 149 5 210, 244, 40112, 3.27444, 15
115 70 160, 149 5 210, 244, 40063, 2.45008, 15
115 70 160, 149 5 210, 244, 40076, 2.74269, 15
115 70 160, 149 5 210, 244, 40068, 1.51848, 15
115 70 160, 149 5 210, 244, 40172, 2.90445, 15
