start, goal, path_length, nodes_visited, time, num_evax
111 5 127, 149 5 210, 159, 12786, 3.63403, 30
111 5 127, 149 5 210, 159, 12791, 2.73378, 30
111 5 127, 149 5 210, 159, 12787, 2.58735, 30
111 5 127, 149 5 210, 159, 12786, 2.47031, 30
111 5 127, 149 5 210, 159, 12786, 3.83576, 30
111 5 127, 149 5 210, 159, 12786, 5.11688, 30
111 5 127, 149 5 210, 159, 12787, 2.88627, 30
111 5 127, 149 5 210, 159, 12786, 2.68103, 30
