start, goal, path_length, nodes_visited, time, num_evax
131 70 235, 149 5 210, 216, 24499, 9.28872, 30
131 70 235, 149 5 210, 222, 26204, 7.59696, 30
131 70 235, 149 5 210, 218, 26226, 10.2224, 30
131 70 235, 149 5 210, 214, 25886, 8.23756, 30
