start, goal, path_length, nodes_visited, time, num_evax
56 70 126, 12 5 79, 375, 113304, 3.61642, 6
56 70 126, 12 5 79, 370, 113292, 3.16097, 6
56 70 126, 12 5 79, 372, 112296, 3.00335, 6
56 70 126, 12 5 79, 375, 112766, 2.65234, 6
56 70 126, 12 5 79, 375, 113141, 2.3895, 6
56 70 126, 12 5 79, 375, 113497, 3.00238, 6
56 70 126, 12 5 79, 375, 112831, 2.75343, 6
56 70 126, 12 5 79, 368, 111287, 3.01294, 6
