start, goal, path_length, nodes_visited, time, num_evax
124 38 103, 149 5 210, 250, 38741, 9.17855, 30
124 38 103, 149 5 210, 249, 38754, 9.98977, 30
124 38 103, 149 5 210, 250, 38745, 10.4494, 30
124 38 103, 149 5 210, 250, 38753, 13.1197, 30
