start, goal, path_length, nodes_visited, time, num_evax
131 38 235, 149 5 210, 180, 14355, 2.94472, 30
131 38 235, 149 5 210, 166, 14189, 3.34173, 30
131 38 235, 149 5 210, 172, 14185, 2.89047, 30
131 38 235, 149 5 210, 169, 14356, 3.67327, 30
131 38 235, 149 5 210, 176, 14350, 3.14371, 30
131 38 235, 149 5 210, 168, 14275, 4.08008, 30
131 38 235, 149 5 210, 182, 14343, 2.66147, 30
131 38 235, 149 5 210, 175, 14238, 3.73935, 30
