start, goal, path_length, nodes_visited, time, num_evax
45 38 194, 149 5 210, 163, 18213, 3.03074, 20
45 38 194, 149 5 210, 163, 18237, 2.29155, 20
45 38 194, 149 5 210, 162, 18321, 1.82492, 20
45 38 194, 149 5 210, 162, 18266, 2.54829, 20
45 38 194, 149 5 210, 160, 18219, 1.8902, 20
45 38 194, 149 5 210, 162, 18173, 3.43462, 20
45 38 194, 149 5 210, 163, 18219, 2.02279, 20
45 38 194, 149 5 210, 162, 18169, 3.02017, 20
45 38 194, 149 5 210, 162, 18149, 3.63714, 20
