start, goal, path_length, nodes_visited, time, num_evax
124 38 103, 149 5 210, 250, 38749, 8.63929, 30
124 38 103, 149 5 210, 250, 38742, 9.61561, 30
124 38 103, 149 5 210, 250, 38774, 11.4084, 30
124 38 103, 149 5 210, 250, 38767, 11.2587, 30
