start, goal, path_length, nodes_visited, time, num_evax
115 70 160, 149 5 210, 243, 40165, 8.73645, 30
115 70 160, 149 5 210, 242, 39315, 9.90338, 30
115 70 160, 149 5 210, 244, 40123, 9.11025, 30
115 70 160, 149 5 210, 245, 40613, 13.7709, 30
