start, goal, path_length, nodes_visited, time, num_evax
47 5 234, 149 5 210, 2, 759, 0.043653, 30
47 5 234, 149 5 210, 124, 5281, 0.373568, 30
