start, goal, path_length, nodes_visited, time, num_evax
124 38 103, 149 5 210, 2, 21608, 0.498098, 6
124 38 103, 149 5 210, 302, 33749, 0.988452, 6
