start, goal, path_length, nodes_visited, time, num_evax
50 5 158, 12 5 79, 2, 3736, 0.0714712, 30
50 5 158, 12 5 79, 155, 12347, 0.408527, 30
