start, goal, path_length, nodes_visited, time, num_evax
124 38 103, 149 5 210, 2, 21313, 0.472626, 3
124 38 103, 149 5 210, 302, 42750, 1.15854, 3
