start, goal, path_length, nodes_visited, time, num_evax
45 38 194, 149 5 210, 2, 1147, 0.0447782, 30
45 38 194, 149 5 210, 243, 17841, 0.677908, 30
