start, goal, path_length, nodes_visited, time, num_evax
50 5 158, 12 5 79, 2, 4512, 0.0843011, 20
50 5 158, 12 5 79, 155, 12347, 0.301862, 20
