start, goal, path_length, nodes_visited, time, num_evax
50 5 158, 12 5 79, 2, 4369, 0.104031, 30
50 5 158, 12 5 79, 155, 12347, 0.453132, 30
