start, goal, path_length, nodes_visited, time, num_evax
47 5 234, 149 5 210, 2, 2, 0.00950762, 15
47 5 234, 149 5 210, 124, 5477, 0.199576, 15
