start, goal, path_length, nodes_visited, time, num_evax
47 5 234, 149 5 210, 2, 378, 0.0151842, 20
47 5 234, 149 5 210, 124, 5283, 0.202536, 20
