start, goal, path_length, nodes_visited, time, num_evax
43 38 106, 12 5 79, 168, 216607, 2.17646, 10
43 38 106, 12 5 79, 171, 212885, 2.92665, 10
43 38 106, 12 5 79, 181, 211991, 2.9042, 10
43 38 106, 12 5 79, 194, 210711, 2.80915, 10
43 38 106, 12 5 79, 354, 194103, 2.82303, 10
