start, goal, path_length, nodes_visited, time, num_evax
50 38 158, 12 5 79, 197, 26130, 0.632963, 20
50 38 158, 12 5 79, 198, 25189, 0.551448, 20
50 38 158, 12 5 79, 201, 25154, 0.366419, 20
50 38 158, 12 5 79, 202, 24839, 0.34751, 20
50 38 158, 12 5 79, 206, 26075, 0.360461, 20
50 38 158, 12 5 79, 211, 26881, 0.382233, 20
50 38 158, 12 5 79, 307, 55098, 1.04551, 20
